symbol,avg90_volume,source
AAL,93242,volumes400
AAOI,65136,volumes400
AAON,361,mc143
AAPL,1415448,volumes400
AAPU,1238,lookback125
ABBV,16093,volumes400
ABNB,13115,volumes400
ABSI,2609,mc143
ABUS,1786,volumes400
ABVX,13875,volumes400
ACAD,1379,mc143
ACHR,49444,
ACMR,6798,volumes400
ACN,14656,volumes400
ACVA,874,lookback125
ADBE,55933,volumes400
ADBG,640,lookback125
ADI,9604,volumes400
ADT,701,mc143
AEHR,9315,volumes400
AEM,7231,volumes400
AEO,8556,lookback125
AFRM,18706,volumes400
AG,36472,volumes400
AGNC,27176,volumes400
AGO,304,mc143
AGQ,7952,volumes400
AI,39715,volumes400
AKAM,7841,volumes400
ALAB,26782,volumes400
ALB,7510,volumes400
ALGN,1338,lookback125
ALLY,3527,lookback125
AM,1142,mc143
AMAT,49531,volumes400
AMBA,7455,volumes400
AMC,107687,
AMD,492145,volumes400
AMDL,9833,volumes400
AMGN,10138,volumes400
AMPL,1308,lookback125
AMZN,817287,volumes400
ANET,27392,volumes400
ANNX,921,lookback125
APG,549,lookback125
APLD,77237,volumes400
APO,7497,
APP,34256,volumes400
ARDX,3019,lookback125
ARE,1714,mc143
ARES,1816,
ARKG,14534,volumes400
ARKK,63855,volumes400
ARM,82623,volumes400
ASML,20886,volumes400
ASO,1525,lookback125
ASST,34613,volumes400
ASTS,169425,volumes400
AVAV,7660,lookback125
AVGO,308743,volumes400
AVTX,413,volumes400
AXON,3296,volumes400
AXP,14924,volumes400
AXTI,30299,volumes400
AZO,1131,volumes400
B,22604,volumes400
BA,66869,volumes400
BABA,156091,volumes400
BAC,135435,volumes400
BB,70856,volumes400
BBAI,42616,
BBD,2233,mc143
BCO,222,mc143
BE,133739,volumes400
BEAM,1026,lookback125
BHF,1358,mc143
BIDU,28149,volumes400
BIIB,1393,
BILI,6492,
BIZD,388,lookback125
BKNG,16286,volumes400
BLK,1865,volumes400
BLLN,304,volumes400
BLMN,609,mc143
BMNR,148928,volumes400
BMY,26535,volumes400
BNED,167,lookback125
BNO,24325,volumes400
BNTX,2381,
BNY,3492,volumes400
BOIL,10533,volumes400
BP,18396,volumes400
BRK.B,28238,volumes400
BRZE,1921,lookback125
BSOL,2327,mc143
BSX,40178,volumes400
BTDR,50694,volumes400
BTG,14618,volumes400
BTI,2824,volumes400
BUG,1695,mc143
BURL,4011,volumes400
BV,10,mc143
BWET,301,volumes400
BX,18958,volumes400
C,50453,volumes400
CAR,7235,volumes400
CARR,6659,
CASY,668,lookback125
CAT,30363,volumes400
CAVA,11008,volumes400
CBOE,3216,volumes400
CBRS,39169,volumes400
CCI,1607,lookback125
CCJ,22699,volumes400
CCL,48352,volumes400
CDE,20493,volumes400
CDNS,5936,volumes400
CECO,423,volumes400
CEG,12486,volumes400
CELH,31071,volumes400
CHPT,1730,lookback125
CHTR,7729,volumes400
CHWY,17552,lookback125
CHYM,4199,lookback125
CI,2029,volumes400
CIA,1677,mc143
CIEN,12221,volumes400
CIFR,121320,volumes400
CL,2898,
CLF,46614,volumes400
CLMT,3474,volumes400
CLS,12454,volumes400
CLSK,61594,volumes400
CM,532,volumes400
CMCSA,39334,volumes400
CME,3995,
CMG,48297,volumes400
CMI,1046,volumes400
COF,10003,volumes400
COHR,26482,volumes400
COIN,157761,volumes400
COO,742,lookback125
COP,13602,volumes400
COPX,14087,lookback125
CORZ,67665,volumes400
COST,47801,volumes400
CPNG,26414,volumes400
CQP,61,lookback125
CRCL,93291,volumes400
CRDO,29913,volumes400
CRDU,1017,mc143
CRI,178,lookback125
CRM,94419,volumes400
CRML,17396,volumes400
CROX,1427,
CRSP,3931,
CRWD,77827,volumes400
CRWV,239170,volumes400
CSCO,66628,volumes400
CSX,17091,
CVNA,52315,volumes400
CVS,16905,volumes400
CVX,44009,volumes400
CYPH,4499,mc143
DAL,29629,volumes400
DASH,10450,volumes400
DDOG,18699,volumes400
DE,5349,volumes400
DECK,4378,
DELL,114923,volumes400
DHT,9174,volumes400
DIA,56166,volumes400
DIS,35783,volumes400
DJT,19838,
DKNG,40364,volumes400
DKS,7407,volumes400
DNN,4982,mc143
DOCN,8071,volumes400
DOW,19952,volumes400
DPRO,6012,lookback125
DRAM,298345,volumes400
DRIP,956,
DUK,3240,
DUST,693,
DVN,35257,volumes400
DX,578,lookback125
DXCM,2884,
ECHO,21650,volumes400
ECL,858,lookback125
EDC,200,
EDZ,223,
EEM,135362,volumes400
EHC,175,mc143
EIX,4880,lookback125
EL,4386,
ELE,318,lookback125
ELF,10090,volumes400
ELV,1378,lookback125
EMR,2701,
ENB,1921,mc143
ENPH,28227,volumes400
EOG,4294,
EOSE,57173,volumes400
EQNR,4002,lookback125
EQT,14262,
ERAS,2854,volumes400
ET,32771,volumes400
ETHA,184264,volumes400
ETHE,1469,volumes400
ETN,5758,volumes400
EW,1310,
EWY,114543,volumes400
EWZ,224352,volumes400
EWZS,32,mc143
EXE,8828,mc143
EXPE,3487,volumes400
F,136763,volumes400
FAS,3646,
FAZ,405,
FCEL,22923,volumes400
FCX,54260,volumes400
FDN,79,
FDX,5978,volumes400
FICO,1178,volumes400
FIG,51366,volumes400
FIGR,14763,volumes400
FIP,427,lookback125
FIVN,4298,volumes400
FIX,1013,volumes400
FLEX,6453,volumes400
FLUT,2370,volumes400
FLY,12763,volumes400
FN,1516,volumes400
FOUR,2635,lookback125
FRVO,3339,mc143
FSK,853,lookback125
FSLR,26300,volumes400
FSLY,13248,volumes400
FSP,71,mc143
FTNT,13812,volumes400
FUN,1575,volumes400
FUTU,12301,
FXI,97587,volumes400
FXY,4055,lookback125
GAP,11147,lookback125
GD,1238,
GDX,158008,volumes400
GDXJ,9153,
GE,16128,volumes400
GEMI,4332,volumes400
GEN,1655,mc143
GENI,1523,mc143
GEV,18906,volumes400
GFL,1484,lookback125
GFS,7522,volumes400
GFUZ,189,lookback125
GGLL,2250,lookback125
GILD,8354,
GIS,10900,volumes400
GLD,378682,volumes400
GLND,1578,volumes400
GLNG,2932,lookback125
GLW,57019,volumes400
GLXY,28277,volumes400
GM,19097,volumes400
GME,153076,volumes400
GNRC,3115,volumes400
GOOG,192590,volumes400
GOOGL,487473,volumes400
GPRO,18250,lookback125
GRAB,35148,mc143
GRAL,1472,volumes400
GS,38955,volumes400
GUSH,1268,
GXO,2496,lookback125
HD,23294,volumes400
HIMS,104988,volumes400
HLT,1564,
HNGE,2131,lookback125
HON,7288,volumes400
HONA,3343,volumes400
HOOD,295016,volumes400
HPE,66864,volumes400
HPQ,35142,volumes400
HUBG,542,mc143
HUM,4493,volumes400
HUT,20679,volumes400
HWM,3591,lookback125
HYG,345299,volumes400
IBIT,678671,volumes400
IBM,89641,volumes400
ICE,3968,
IEF,49236,volumes400
IGV,92449,volumes400
INOD,5731,volumes400
INSW,1553,lookback125
INTC,779926,volumes400
INTU,18526,volumes400
IOND,474,lookback125
IONQ,77482,volumes400
IOT,9111,volumes400
IOVA,13065,volumes400
IRD,617,lookback125
IREN,315956,volumes400
ISRG,8314,volumes400
ITA,633,
ITRI,254,mc143
IVV,867,volumes400
IWM,1759914,volumes400
IYR,6530,lookback125
JANX,806,mc143
JCI,2920,
JD,31373,volumes400
JDST,161,
JETS,16518,
JMKE,1657,lookback125
JNJ,27685,volumes400
JNUG,807,
JOBY,29126,
JPM,54968,volumes400
KEYS,1511,volumes400
KHC,32534,
KIE,1064,lookback125
KKR,8065,
KLAC,15370,volumes400
KLAR,12382,volumes400
KMI,9993,
KO,53162,volumes400
KOD,1323,volumes400
KOLD,5238,
KORU,25297,volumes400
KRE,77610,volumes400
KSPI,394,lookback125
KURA,1753,mc143
KWEB,113549,volumes400
LABD,2149,
LABU,3088,volumes400
LCID,45563,volumes400
LEN,7608,mc143
LESL,972,mc143
LFMD,1093,lookback125
LHX,1047,lookback125
LI,7827,
LIT,150,
LITE,37548,volumes400
LITS,137,mc143
LLY,44683,volumes400
LMND,7970,volumes400
LMT,8823,volumes400
LNG,4905,volumes400
LOVE,247,lookback125
LOW,8583,volumes400
LQD,83176,volumes400
LQDA,12434,volumes400
LRCX,48566,volumes400
LULU,39399,volumes400
LUNR,28720,volumes400
LUV,13203,
LW,1615,mc143
LYFT,29207,lookback125
LYV,3567,lookback125
M,11540,lookback125
MA,7751,volumes400
MAR,2492,
MARA,206674,volumes400
MCD,31855,volumes400
MCHP,20752,volumes400
MCY,363,lookback125
MDB,18363,volumes400
MDLZ,3083,lookback125
MDT,16212,volumes400
MELI,6207,volumes400
META,718446,volumes400
METU,8827,volumes400
MGM,5837,volumes400
MMM,10706,
MNST,2860,mc143
MOMO,471,lookback125
MOS,12740,volumes400
MP,24852,volumes400
MPC,4470,volumes400
MPLX,2137,volumes400
MPT,12758,lookback125
MPWR,865,volumes400
MRK,28762,volumes400
MRNA,89147,volumes400
MRVL,230937,volumes400
MS,16067,volumes400
MSFT,707695,volumes400
MSTR,477898,volumes400
MSTY,1126,lookback125
MU,915501,volumes400
MUU,13826,volumes400
MXL,6026,volumes400
NAT,2259,lookback125
NAVN,1051,lookback125
NBIS,212418,volumes400
NCLH,26292,
NEE,21428,volumes400
NEM,22622,volumes400
NET,17590,volumes400
NFLX,373400,volumes400
NG,2322,lookback125
NIO,83008,
NKE,129474,volumes400
NKTR,2025,mc143
NLR,309,volumes400
NMAX,2423,volumes400
NOC,1294,
NOK,281825,volumes400
NOW,160349,volumes400
NRG,10221,volumes400
NRGV,5389,lookback125
NSC,407,
NTLA,3074,
NTRA,1268,volumes400
NU,81275,volumes400
NUGT,3419,volumes400
NVDA,3371059,volumes400
NVDL,29791,volumes400
NVO,57566,volumes400
NVS,2987,lookback125
NVTS,49598,volumes400
NXPI,4285,volumes400
O,5290,mc143
OBE,2600,mc143
OCUL,2257,lookback125
ODD,1508,lookback125
OFG,8,mc143
OKLO,63906,volumes400
OKTA,16089,volumes400
ON,21283,volumes400
ONDS,169541,volumes400
ONON,16360,volumes400
ONT,293,mc143
OPEN,88469,
ORCL,352460,volumes400
OSCR,19713,volumes400
OTIS,666,
OUST,11249,volumes400
OXY,46679,volumes400
P,6394,volumes400
PANW,44444,volumes400
PATH,54163,
PCG,94653,volumes400
PDD,46174,volumes400
PENN,1532,volumes400
PEP,29816,volumes400
PFE,109358,volumes400
PG,23764,volumes400
PGY,4691,volumes400
PH,485,
PHVS,595,lookback125
PINS,15533,
PL,22025,volumes400
PLD,1840,lookback125
PLNT,2406,mc143
PLTR,533105,volumes400
PM,6039,volumes400
PPIH,150,mc143
PPLI,116,mc143
PPLT,3873,lookback125
PPTA,2262,lookback125
PR,3079,mc143
PRGO,1112,mc143
PS,580,
PSKY,27916,volumes400
PSX,4058,volumes400
PTON,19123,
PURR,37246,volumes400
PWR,2405,volumes400
PYPL,76999,volumes400
PZZA,4215,mc143
QBTS,58760,
QCOM,108956,volumes400
QMCO,1327,mc143
QQQ,7804663,volumes400
QQQM,1832,lookback125
QURE,5942,volumes400
QXO,27352,volumes400
RARE,3752,lookback125
RBLX,31996,volumes400
RBRK,7675,volumes400
RCL,7877,volumes400
RCUS,129,volumes400
RDDT,49691,volumes400
REAX,876,volumes400
REGN,1450,
RGR,367,mc143
RGTI,79878,volumes400
RH,3994,volumes400
RIG,21439,volumes400
RIOT,82600,volumes400
RIVN,121125,volumes400
RKLB,136663,volumes400
RKT,59680,volumes400
RL,391,
RNG,1544,mc143
ROK,701,
ROKU,7468,
RSI,2718,volumes400
RSKD,341,mc143
RTX,13014,volumes400
RVMD,3415,volumes400
RVTY,126,mc143
SABR,982,lookback125
SAIL,1256,lookback125
SATL,4175,mc143
SBUX,20682,volumes400
SCCO,4404,mc143
SCHW,23040,volumes400
SCO,11157,volumes400
SFM,3023,lookback125
SGHC,6592,mc143
SHAK,4568,lookback125
SHMD,156,mc143
SHOE,666,lookback125
SHOP,45589,volumes400
SIG,1303,lookback125
SILJ,41585,volumes400
SIRI,20032,lookback125
SITM,569,volumes400
SKHY,153826,volumes400
SLB,22150,
SLS,43242,volumes400
SLV,419832,volumes400
SMCI,282866,volumes400
SMH,295437,volumes400
SMMT,8569,mc143
SMTC,4899,volumes400
SN,1163,lookback125
SNAP,72782,
SNDK,210186,volumes400
SNDL,1064,lookback125
SNOW,52423,volumes400
SNPS,5927,volumes400
SNXX,33820,volumes400
SOFI,370064,volumes400
SONY,6117,volumes400
SOUN,60229,
SOXL,273076,volumes400
SOXS,161935,volumes400
SOXX,58346,volumes400
SPCH,12600,volumes400
SPCX,972863,volumes400
SPOT,10253,volumes400
SPTL,74,lookback125
SPXL,3922,
SPXU,3036,mc143
SPY,12011090,volumes400
SPYM,3206,mc143
SQQQ,88921,volumes400
STM,21410,volumes400
STX,24592,volumes400
STZ,5151,
SUNB,594,lookback125
SYF,1149,lookback125
SYK,1573,lookback125
T,70370,
TAN,1430,
TEAM,11387,volumes400
TECL,2261,volumes400
TECS,526,
TEM,31920,volumes400
TER,7555,volumes400
TGT,27720,volumes400
TH,662,lookback125
TJX,9777,volumes400
TLN,3853,volumes400
TLT,670680,volumes400
TMDX,2937,volumes400
TMF,14044,volumes400
TMO,3008,volumes400
TMUS,8887,
TNA,18590,volumes400
TNK,281,lookback125
TPR,2974,
TQQQ,289444,volumes400
TRMD,1871,lookback125
TSEM,4503,volumes400
TSLA,2704747,volumes400
TSLL,112976,volumes400
TSM,146178,volumes400
TTAN,1399,lookback125
TTD,57734,volumes400
TTWO,17039,volumes400
TWLO,5846,volumes400
TWST,583,volumes400
TXN,18172,volumes400
TYRA,277,lookback125
TZA,8014,
U,27770,volumes400
UA,539,mc143
UAL,19982,volumes400
UBER,105363,volumes400
UBS,1710,lookback125
UEC,15989,mc143
UNG,30409,volumes400
UNH,61564,volumes400
UNIT,877,mc143
UNP,7419,
UPS,22859,volumes400
UPST,18700,volumes400
UPXI,2080,lookback125
URA,12094,
URI,1871,volumes400
USAR,37426,volumes400
USFD,387,lookback125
USO,203658,volumes400
UVXY,37936,volumes400
V,28974,volumes400
VEEV,2227,volumes400
VGT,3326,mc143
VICR,1710,volumes400
VKTX,14999,volumes400
VLO,10233,volumes400
VNET,5230,lookback125
VOD,1944,mc143
VOO,6675,volumes400
VRT,32573,volumes400
VRTX,2431,volumes400
VST,34896,volumes400
VTGN,680,mc143
VUG,1190,volumes400
VXX,52905,
VZ,53427,volumes400
W,8825,volumes400
WBD,98763,
WDAY,11713,volumes400
WDC,49650,volumes400
WFC,44432,volumes400
WHR,6804,volumes400
WM,2119,volumes400
WMB,11417,
WMT,139614,volumes400
WSC,1387,lookback125
WT,950,lookback125
WULF,166664,volumes400
WYNN,7498,volumes400
XBI,39270,volumes400
XENE,741,mc143
XLB,18820,
XLC,3554,
XLE,170759,volumes400
XLF,186485,volumes400
XLI,28222,volumes400
XLK,29161,volumes400
XLP,26770,
XLRE,764,
XLU,39054,volumes400
XLV,21274,volumes400
XLY,14162,volumes400
XOM,64347,volumes400
XOP,15708,volumes400
XPEV,27241,
XPO,681,mc143
XPOF,298,lookback125
XRT,14247,
XRX,2767,mc143
XYZ,23463,volumes400
YANG,453,
YINN,6441,
ZBH,313,
ZM,15542,
ZS,28860,volumes400
