date,ticker,options_volume
2026-09-25,SPY,12909916
2026-09-25,QQQ,8041931
2026-09-25,TSLA,3101274
2026-09-25,NVDA,2776065
2026-09-25,MSFT,1398938
2026-09-25,AAPL,1359647
2026-09-25,IWM,1241675
2026-09-25,META,1111632
2026-09-25,MU,1099728
2026-09-25,MSTR,763096
2026-09-25,INTC,739696
2026-09-25,AMZN,679356
2026-09-25,AMD,623401
2026-09-25,TLT,558052
2026-09-25,SMCI,516482
2026-09-25,GME,436028
2026-09-25,GOOGL,404629
2026-09-25,MARA,394147
2026-09-25,PLTR,367299
2026-09-25,ORCL,322210
2026-09-25,HOOD,266033
2026-09-25,TQQQ,259432
2026-09-25,XLU,257723
2026-09-25,DELL,255045
2026-09-25,HYG,246108
2026-09-25,USO,245783
2026-09-25,SOXL,242280
2026-09-25,SMH,239777
2026-09-25,BE,217563
2026-09-25,SOFI,212934
2026-09-25,COIN,206577
2026-09-25,SLV,206368
2026-09-25,AVGO,205856
2026-09-25,GLD,200318
2026-09-25,PYPL,193203
2026-09-25,GOOG,188376
2026-09-25,NFLX,180605
2026-09-25,QCOM,177999
2026-09-25,MRNA,177973
2026-09-25,AI,150972
2026-09-25,GDX,141187
2026-09-25,MRVL,130173
2026-09-25,RKLB,126088
2026-09-25,NKE,112251
2026-09-25,RIOT,108894
2026-09-25,XLE,106141
2026-09-25,ARM,102036
2026-09-25,IONQ,99979
2026-09-25,COST,99640
2026-09-25,BAC,95081
2026-09-25,CRWD,94060
2026-09-25,WMT,87612
2026-09-25,XLK,85702
2026-09-25,ASTS,83729
2026-09-25,TSM,80767
2026-09-25,SQQQ,78034
2026-09-25,NOW,77309
2026-09-25,UBER,74479
2026-09-25,BA,73490
2026-09-25,AMC,72984
2026-09-25,HIMS,72538
2026-09-25,RIVN,68021
2026-09-25,F,67541
2026-09-25,SOXS,63040
2026-09-25,CRDO,61847
2026-09-25,DKNG,61692
2026-09-25,RGTI,53945
2026-09-25,DIA,52495
2026-09-25,HPE,51166
2026-09-25,JPM,50929
2026-09-25,U,50278
2026-09-25,XOM,50116
2026-09-25,KO,50050
2026-09-25,UVXY,50000
2026-09-25,APP,48305
2026-09-25,OXY,47295
2026-09-25,SNOW,45971
2026-09-25,CLSK,45834
2026-09-25,PANW,45103
2026-09-25,LRCX,44925
2026-09-25,RDDT,43948
2026-09-25,UNG,43726
2026-09-25,CSCO,42750
2026-09-25,PFE,41161
2026-09-25,ZS,40649
2026-09-25,CCL,40354
2026-09-25,AMAT,40023
2026-09-25,CVX,39930
2026-09-25,UNH,39079
2026-09-25,VST,38871
2026-09-25,MCD,38040
2026-09-25,AMGN,37552
2026-09-25,NVO,37429
2026-09-25,IBM,37226
2026-09-25,LLY,36940
2026-09-25,CRM,35991
2026-09-25,QBTS,35667
2026-09-25,GS,35518
2026-09-25,C,33271
2026-09-25,OPEN,33159
2026-09-25,WDC,32790
2026-09-25,VXX,32283
2026-09-25,FSLR,31146
2026-09-25,SOXX,30230
2026-09-25,ARKK,29848
2026-09-25,SHOP,29548
2026-09-25,XLF,28282
2026-09-25,NIO,27938
2026-09-25,SNAP,27497
2026-09-25,LULU,26624
2026-09-25,CMG,26161
2026-09-25,KRE,26133
2026-09-25,HD,26058
2026-09-25,XBI,25964
2026-09-25,ANET,25874
2026-09-25,UPST,25765
2026-09-25,DDOG,23606
2026-09-25,ADBE,23237
2026-09-25,PEP,22807
2026-09-25,NET,22471
2026-09-25,RBLX,22166
2026-09-25,BOIL,22113
2026-09-25,TNA,21855
2026-09-25,MDT,21146
2026-09-25,LUNR,20690
2026-09-25,HPQ,20647
2026-09-25,SBUX,20622
2026-09-25,ACHR,20576
2026-09-25,ASML,20505
2026-09-25,STX,20126
2026-09-25,NCLH,19940
2026-09-25,SOUN,19256
2026-09-25,CAT,19144
2026-09-25,XRT,19081
2026-09-25,VLO,18529
2026-09-25,MRK,17732
2026-09-25,PATH,17596
2026-09-25,IGV,17215
2026-09-25,ENPH,16802
2026-09-25,GM,16609
2026-09-25,TGT,16514
2026-09-25,ON,16268
2026-09-25,WFC,16235
2026-09-25,TXN,15922
2026-09-25,MDB,15661
2026-09-25,OKTA,15364
2026-09-25,LCID,14949
2026-09-25,NU,14694
2026-09-25,V,14416
2026-09-25,SCHW,14055
2026-09-25,BKNG,13872
2026-09-25,APO,13766
2026-09-25,JNJ,13681
2026-09-25,WMB,13515
2026-09-25,DIS,13492
2026-09-25,AFRM,13459
2026-09-25,XLP,13229
2026-09-25,XLI,12931
2026-09-25,NEE,12687
2026-09-25,KHC,12511
2026-09-25,KLAC,12441
2026-09-25,SPXU,12402
2026-09-25,PG,12109
2026-09-25,XOP,12089
2026-09-25,GIS,11858
2026-09-25,ABNB,11834
2026-09-25,BSX,11386
2026-09-25,MS,10848
2026-09-25,SNPS,10828
2026-09-25,MNST,10819
2026-09-25,MCHP,10660
2026-09-25,JETS,10078
2026-09-25,GE,9832
2026-09-25,DJT,9673
2026-09-25,LYFT,9658
2026-09-25,GDXJ,9583
2026-09-25,XLV,9518
2026-09-25,TZA,9339
2026-09-25,BX,8319
2026-09-25,COF,8308
2026-09-25,XPEV,8283
2026-09-25,AXP,8193
2026-09-25,JOBY,7901
2026-09-25,ZM,7754
2026-09-25,YINN,7603
2026-09-25,LMT,7488
2026-09-25,FTNT,7312
2026-09-25,COP,7101
2026-09-25,KOLD,7009
2026-09-25,TECL,7007
2026-09-25,ABBV,6947
2026-09-25,KMI,6799
2026-09-25,LABU,6614
2026-09-25,PTON,6614
2026-09-25,BBAI,6587
2026-09-25,SPOT,6487
2026-09-25,XLY,6472
2026-09-25,WDAY,6471
2026-09-25,TTWO,6398
2026-09-25,VRTX,6355
2026-09-25,PINS,6347
2026-09-25,NUGT,6158
2026-09-25,URA,6148
2026-09-25,MPC,5803
2026-09-25,KKR,5589
2026-09-25,CEG,5554
2026-09-25,ISRG,5517
2026-09-25,FAS,5250
2026-09-25,LOW,5017
2026-09-25,BNTX,4963
2026-09-25,MA,4935
2026-09-25,RCL,4892
2026-09-25,PSX,4865
2026-09-25,SPXL,4844
2026-09-25,RTX,4600
2026-09-25,TSEM,4566
2026-09-25,SLB,4483
2026-09-25,DASH,4398
2026-09-25,EQT,4255
2026-09-25,GILD,4245
2026-09-25,CDNS,4228
2026-09-25,DUST,4014
2026-09-25,EXPE,3984
2026-09-25,TEAM,3970
2026-09-25,STZ,3825
2026-09-25,FAZ,3787
2026-09-25,NXPI,3776
2026-09-25,NOC,3712
2026-09-25,DE,3662
2026-09-25,DUK,3616
2026-09-25,BEAM,3611
2026-09-25,TECS,3491
2026-09-25,JNUG,3488
2026-09-25,BLK,3473
2026-09-25,MAR,3213
2026-09-25,LI,3018
2026-09-25,ROKU,2971
2026-09-25,CME,2917
2026-09-25,MMM,2806
2026-09-25,BIIB,2765
2026-09-25,XLB,2710
2026-09-25,TAN,2675
2026-09-25,NTLA,2631
2026-09-25,TMO,2517
2026-09-25,XLC,2328
2026-09-25,DECK,2264
2026-09-25,CRSP,2242
2026-09-25,HON,2082
2026-09-25,EOG,2009
2026-09-25,SYK,1948
2026-09-25,ICE,1936
2026-09-25,YANG,1894
2026-09-25,ITA,1892
2026-09-25,RL,1889
2026-09-25,GUSH,1825
2026-09-25,LABD,1762
2026-09-25,EL,1668
2026-09-25,DXCM,1624
2026-09-25,CROX,1622
2026-09-25,CL,1440
2026-09-25,EMR,1417
2026-09-25,EDC,1413
2026-09-25,EW,1381
2026-09-25,XLRE,1280
2026-09-25,REGN,1175
2026-09-25,TPR,1151
2026-09-25,DRIP,1123
2026-09-25,MDLZ,1108
2026-09-25,JDST,908
2026-09-25,GD,895
2026-09-25,ARES,861
2026-09-25,HLT,814
2026-09-25,LIT,764
2026-09-25,FDN,582
2026-09-25,ZBH,507
2026-09-25,EDZ,304
2026-09-28,SPY,11312582
2026-09-28,QQQ,8398407
2026-09-28,NVDA,3494335
2026-09-28,TSLA,2079338
2026-09-28,AAPL,1051986
2026-09-28,IWM,1045028
2026-09-28,MU,876199
2026-09-28,META,788099
2026-09-28,INTC,646869
2026-09-28,AMD,550091
2026-09-28,MSFT,520395
2026-09-28,TLT,461696
2026-09-28,AMZN,460717
2026-09-28,HYG,401869
2026-09-28,GOOGL,296761
2026-09-28,SOXL,286022
2026-09-28,SOFI,267536
2026-09-28,AMC,259215
2026-09-28,ORCL,254749
2026-09-28,TQQQ,242605
2026-09-28,SLV,200820
2026-09-28,MSTR,197247
2026-09-28,GLD,189975
2026-09-28,AVGO,187256
2026-09-28,PLTR,180768
2026-09-28,NFLX,177760
2026-09-28,GME,151588
2026-09-28,SMH,137234
2026-09-28,USO,131264
2026-09-28,BA,123374
2026-09-28,HOOD,117922
2026-09-28,GOOG,108569
2026-09-28,BE,105272
2026-09-28,MDB,100953
2026-09-28,NKE,97737
2026-09-28,KRE,94641
2026-09-28,SMCI,93703
2026-09-28,XLU,93299
2026-09-28,XLE,90456
2026-09-28,CMG,89143
2026-09-28,CCL,84043
2026-09-28,RIVN,82061
2026-09-28,TSM,81162
2026-09-28,ARM,79719
2026-09-28,CRWD,79669
2026-09-28,GDX,74455
2026-09-28,MRVL,72577
2026-09-28,MARA,71566
2026-09-28,QCOM,69039
2026-09-28,NOW,67196
2026-09-28,NU,65680
2026-09-28,COIN,64909
2026-09-28,UBER,64483
2026-09-28,BAC,63784
2026-09-28,IONQ,63300
2026-09-28,RKLB,61991
2026-09-28,WMT,57299
2026-09-28,SQQQ,56839
2026-09-28,RGTI,53850
2026-09-28,DELL,51665
2026-09-28,F,50743
2026-09-28,MRNA,50628
2026-09-28,SOXS,49347
2026-09-28,PSKY,46811
2026-09-28,XOM,46754
2026-09-28,ASTS,43449
2026-09-28,AAL,43390
2026-09-28,BABA,42481
2026-09-28,CRM,41455
2026-09-28,VXX,39269
2026-09-28,PFE,39175
2026-09-28,DIA,36472
2026-09-28,PANW,35859
2026-09-28,COST,34816
2026-09-28,AMGN,34654
2026-09-28,XLF,33404
2026-09-28,RDDT,31805
2026-09-28,IBM,31461
2026-09-28,U,31336
2026-09-28,CVX,30750
2026-09-28,ACHR,29457
2026-09-28,JPM,28646
2026-09-28,UVXY,28605
2026-09-28,QBTS,27785
2026-09-28,HIMS,27280
2026-09-28,SOXX,27000
2026-09-28,XBI,26413
2026-09-28,CRDO,26101
2026-09-28,MCD,26042
2026-09-28,PYPL,26025
2026-09-28,APP,25971
2026-09-28,NVO,25892
2026-09-28,NIO,25611
2026-09-28,VZ,25080
2026-09-28,HPE,24833
2026-09-28,ADBE,24261
2026-09-28,MDT,24254
2026-09-28,VST,24181
2026-09-28,C,24092
2026-09-28,BILI,23854
2026-09-28,WDC,23819
2026-09-28,WFC,23705
2026-09-28,CSCO,23506
2026-09-28,UNG,23356
2026-09-28,DAL,23350
2026-09-28,GS,23137
2026-09-28,STX,22963
2026-09-28,UNH,22765
2026-09-28,LLY,22310
2026-09-28,T,22194
2026-09-28,AMAT,22190
2026-09-28,LUNR,21982
2026-09-28,RIOT,21068
2026-09-28,OPEN,20372
2026-09-28,RBLX,20091
2026-09-28,SNOW,19848
2026-09-28,KO,19271
2026-09-28,PEP,18942
2026-09-28,LI,18376
2026-09-28,WBD,18190
2026-09-28,SOUN,17696
2026-09-28,UPST,17066
2026-09-28,NCLH,16804
2026-09-28,BIDU,16355
2026-09-28,DKNG,16303
2026-09-28,SNAP,16177
2026-09-28,OXY,16083
2026-09-28,BOIL,16026
2026-09-28,AFRM,15846
2026-09-28,SHOP,15739
2026-09-28,MS,15689
2026-09-28,ARKK,15670
2026-09-28,DIS,15643
2026-09-28,FTNT,15603
2026-09-28,ZS,15433
2026-09-28,PG,15008
2026-09-28,TNA,14831
2026-09-28,LRCX,14696
2026-09-28,MRK,14307
2026-09-28,CAT,14256
2026-09-28,CLSK,14202
2026-09-28,HD,14076
2026-09-28,ON,13915
2026-09-28,LCID,13856
2026-09-28,PATH,13617
2026-09-28,JNJ,13574
2026-09-28,XLK,13407
2026-09-28,OKTA,13176
2026-09-28,ASML,13171
2026-09-28,CMCSA,12734
2026-09-28,FSLR,12600
2026-09-28,V,12388
2026-09-28,PDD,12321
2026-09-28,BX,12190
2026-09-28,ZM,11989
2026-09-28,XRT,11679
2026-09-28,TZA,11372
2026-09-28,LULU,11236
2026-09-28,DDOG,11114
2026-09-28,XLI,10573
2026-09-28,GIS,10530
2026-09-28,GM,10243
2026-09-28,TGT,9874
2026-09-28,UAL,9647
2026-09-28,COP,9464
2026-09-28,SCHW,9315
2026-09-28,ANET,9314
2026-09-28,SBUX,9308
2026-09-28,NEE,9305
2026-09-28,NET,9287
2026-09-28,JOBY,9202
2026-09-28,BBAI,8905
2026-09-28,GDXJ,8897
2026-09-28,JD,8502
2026-09-28,XYZ,8437
2026-09-28,GE,8373
2026-09-28,UPS,8363
2026-09-28,KOLD,8323
2026-09-28,SPXU,8213
2026-09-28,KHC,8081
2026-09-28,DJT,8079
2026-09-28,DASH,8008
2026-09-28,IGV,7958
2026-09-28,HPQ,7860
2026-09-28,BSX,7844
2026-09-28,XPEV,7718
2026-09-28,ABBV,7676
2026-09-28,TXN,7485
2026-09-28,VLO,7428
2026-09-28,BKNG,7325
2026-09-28,ENPH,7317
2026-09-28,XLV,7307
2026-09-28,KLAC,7013
2026-09-28,MNST,6984
2026-09-28,TECL,6906
2026-09-28,KMI,6853
2026-09-28,SPOT,6821
2026-09-28,XLP,6812
2026-09-28,P,6508
2026-09-28,CHTR,6430
2026-09-28,LYFT,6346
2026-09-28,XOP,6286
2026-09-28,PINS,6110
2026-09-28,AI,6070
2026-09-28,ABNB,6065
2026-09-28,VRTX,5880
2026-09-28,TEAM,5754
2026-09-28,LMT,5702
2026-09-28,YINN,5560
2026-09-28,SNPS,5500
2026-09-28,TMUS,5472
2026-09-28,WMB,5338
2026-09-28,MCHP,5326
2026-09-28,LUV,5323
2026-09-28,URA,5210
2026-09-28,CEG,5125
2026-09-28,WDAY,4878
2026-09-28,ISRG,4863
2026-09-28,EQT,4765
2026-09-28,RTX,4648
2026-09-28,KKR,4614
2026-09-28,GILD,4573
2026-09-28,BNTX,4527
2026-09-28,TTWO,4442
2026-09-28,JCI,4440
2026-09-28,RCL,4404
2026-09-28,MA,4255
2026-09-28,NTLA,4242
2026-09-28,PTON,4238
2026-09-28,NUGT,4210
2026-09-28,JETS,4172
2026-09-28,FDX,4138
2026-09-28,APO,4115
2026-09-28,AXP,4077
2026-09-28,SLB,4074
2026-09-28,DUST,4051
2026-09-28,BEAM,4044
2026-09-28,MPC,4031
2026-09-28,XLB,3920
2026-09-28,ETN,3894
2026-09-28,FAZ,3786
2026-09-28,DUK,3703
2026-09-28,TAN,3618
2026-09-28,TECS,3586
2026-09-28,FAS,3522
2026-09-28,STZ,3522
2026-09-28,NOC,3456
2026-09-28,COF,3210
2026-09-28,SPXL,3204
2026-09-28,JNUG,3196
2026-09-28,CARR,3103
2026-09-28,LOW,3093
2026-09-28,LABU,2741
2026-09-28,BLK,2669
2026-09-28,CDNS,2650
2026-09-28,FUTU,2536
2026-09-28,DECK,2490
2026-09-28,MAR,2450
2026-09-28,ROKU,2382
2026-09-28,TMO,2321
2026-09-28,PS,2207
2026-09-28,CRSP,2204
2026-09-28,EXPE,2137
2026-09-28,ICE,2045
2026-09-28,XLY,2027
2026-09-28,DE,1997
2026-09-28,HON,1962
2026-09-28,UNP,1949
2026-09-28,YANG,1947
2026-09-28,SYK,1913
2026-09-28,LABD,1905
2026-09-28,GUSH,1874
2026-09-28,TSEM,1867
2026-09-28,PSX,1822
2026-09-28,REGN,1768
2026-09-28,MMM,1692
2026-09-28,CSX,1681
2026-09-28,CME,1675
2026-09-28,EOG,1666
2026-09-28,ITA,1656
2026-09-28,EW,1654
2026-09-28,XLC,1638
2026-09-28,BIIB,1618
2026-09-28,NXPI,1576
2026-09-28,CL,1458
2026-09-28,CROX,1447
2026-09-28,EDC,1421
2026-09-28,ZBH,1373
2026-09-28,XLRE,1298
2026-09-28,ROK,1289
2026-09-28,RL,1233
2026-09-28,ARES,1206
2026-09-28,PH,1159
2026-09-28,EL,1103
2026-09-28,MDLZ,1012
2026-09-28,DRIP,991
2026-09-28,NSC,981
2026-09-28,EMR,939
2026-09-28,DXCM,936
2026-09-28,JDST,908
2026-09-28,HLT,823
2026-09-28,LIT,776
2026-09-28,TPR,707
2026-09-28,OTIS,682
2026-09-28,GD,648
2026-09-28,FDN,586
2026-09-28,EDZ,305
2026-09-29,SPY,10003719
2026-09-29,QQQ,7455082
2026-09-29,NVDA,1821667
2026-09-29,TSLA,1302226
2026-09-29,IWM,1073039
2026-09-29,TLT,810193
2026-09-29,AAPL,734702
2026-09-29,META,672546
2026-09-29,ORCL,560864
2026-09-29,INTC,482512
2026-09-29,AMZN,414049
2026-09-29,HYG,406198
2026-09-29,MSFT,362086
2026-09-29,AMD,348773
2026-09-29,MU,307695
2026-09-29,AVGO,240841
2026-09-29,GOOGL,238216
2026-09-29,BE,223610
2026-09-29,MSTR,209836
2026-09-29,SOFI,182467
2026-09-29,SOXL,167087
2026-09-29,NFLX,162064
2026-09-29,GLD,158330
2026-09-29,SLV,148657
2026-09-29,CCL,147109
2026-09-29,TQQQ,140282
2026-09-29,PLTR,126444
2026-09-29,GME,121499
2026-09-29,XLU,121107
2026-09-29,USO,115265
2026-09-29,GOOG,99111
2026-09-29,HOOD,97035
2026-09-29,NKE,93799
2026-09-29,AMC,92044
2026-09-29,SMH,90503
2026-09-29,WMT,87549
2026-09-29,BAC,86079
2026-09-29,RIVN,75196
2026-09-29,ASTS,73991
2026-09-29,MRVL,70710
2026-09-29,BA,68759
2026-09-29,SMCI,68489
2026-09-29,RKLB,62813
2026-09-29,ARM,62104
2026-09-29,KRE,61860
2026-09-29,MRNA,60280
2026-09-29,COIN,59585
2026-09-29,UBER,59244
2026-09-29,MDB,57197
2026-09-29,TSM,56983
2026-09-29,XLF,56002
2026-09-29,MARA,54607
2026-09-29,BABA,51093
2026-09-29,QCOM,49583
2026-09-29,CRWD,49351
2026-09-29,NOW,47429
2026-09-29,XLE,45373
2026-09-29,NU,44928
2026-09-29,DELL,40498
2026-09-29,PSKY,39768
2026-09-29,WFC,37369
2026-09-29,GDX,36403
2026-09-29,PFE,35453
2026-09-29,MDT,35204
2026-09-29,AMAT,34943
2026-09-29,SQQQ,34939
2026-09-29,DIA,34323
2026-09-29,AMGN,34037
2026-09-29,CMG,33773
2026-09-29,IGV,32571
2026-09-29,HIMS,31830
2026-09-29,RDDT,31172
2026-09-29,DKNG,31088
2026-09-29,ARKK,29976
2026-09-29,VST,28850
2026-09-29,IONQ,28728
2026-09-29,AAL,28560
2026-09-29,SOXX,28412
2026-09-29,U,28200
2026-09-29,NVO,27773
2026-09-29,NCLH,27697
2026-09-29,UNG,27661
2026-09-29,SOXS,27472
2026-09-29,F,26996
2026-09-29,LRCX,26864
2026-09-29,LCID,26042
2026-09-29,CSCO,25941
2026-09-29,UNH,24701
2026-09-29,JPM,24628
2026-09-29,LULU,23239
2026-09-29,COST,22987
2026-09-29,UVXY,22979
2026-09-29,VZ,22718
2026-09-29,NIO,22713
2026-09-29,ACHR,22428
2026-09-29,VXX,22406
2026-09-29,MCD,22252
2026-09-29,LLY,21674
2026-09-29,RIOT,21162
2026-09-29,PANW,20817
2026-09-29,BILI,20547
2026-09-29,CRM,20259
2026-09-29,KO,20173
2026-09-29,GS,20131
2026-09-29,HPE,20087
2026-09-29,RGTI,19963
2026-09-29,C,19521
2026-09-29,WBD,19379
2026-09-29,OPEN,19327
2026-09-29,XOM,18816
2026-09-29,APP,18715
2026-09-29,XBI,18423
2026-09-29,T,17930
2026-09-29,SHOP,17708
2026-09-29,QBTS,17690
2026-09-29,XLI,17389
2026-09-29,DJT,16926
2026-09-29,TMUS,16341
2026-09-29,IBM,16314
2026-09-29,CLSK,16103
2026-09-29,RBLX,15928
2026-09-29,PYPL,15676
2026-09-29,DIS,15657
2026-09-29,SNAP,15653
2026-09-29,SCHW,15649
2026-09-29,WDC,15469
2026-09-29,STX,15460
2026-09-29,KLAC,15328
2026-09-29,ASML,14869
2026-09-29,AI,14362
2026-09-29,JNJ,14317
2026-09-29,TNA,14118
2026-09-29,CVX,14038
2026-09-29,PEP,13795
2026-09-29,CRDO,13610
2026-09-29,EQT,13292
2026-09-29,PDD,13022
2026-09-29,XLK,13000
2026-09-29,ANET,12977
2026-09-29,JD,12885
2026-09-29,MRK,12848
2026-09-29,HD,12717
2026-09-29,XOP,12710
2026-09-29,BOIL,12494
2026-09-29,SNOW,12262
2026-09-29,BIDU,12260
2026-09-29,NEE,12110
2026-09-29,SOUN,11690
2026-09-29,FTNT,11586
2026-09-29,LUNR,11465
2026-09-29,UPST,10804
2026-09-29,FSLR,10769
2026-09-29,ADBE,10339
2026-09-29,OKTA,10325
2026-09-29,ON,10298
2026-09-29,CMCSA,10278
2026-09-29,OXY,10013
2026-09-29,NET,9906
2026-09-29,DDOG,9674
2026-09-29,XPEV,9605
2026-09-29,UAL,9384
2026-09-29,GM,9382
2026-09-29,CAT,9358
2026-09-29,TZA,8862
2026-09-29,PATH,8810
2026-09-29,MS,8437
2026-09-29,ZM,8419
2026-09-29,XYZ,8128
2026-09-29,DAL,8102
2026-09-29,XLP,8040
2026-09-29,KOLD,7991
2026-09-29,V,7985
2026-09-29,BKNG,7875
2026-09-29,TGT,7717
2026-09-29,COP,7606
2026-09-29,GDXJ,7583
2026-09-29,BX,7306
2026-09-29,AFRM,7217
2026-09-29,LYFT,7210
2026-09-29,ZS,7129
2026-09-29,TXN,7072
2026-09-29,RCL,6899
2026-09-29,TECL,6872
2026-09-29,PG,6866
2026-09-29,XLV,6791
2026-09-29,MNST,6662
2026-09-29,YINN,6572
2026-09-29,UPS,6495
2026-09-29,SBUX,6367
2026-09-29,TEAM,6319
2026-09-29,SPOT,6269
2026-09-29,ENPH,6247
2026-09-29,JOBY,6174
2026-09-29,PTON,6168
2026-09-29,SPXU,5916
2026-09-29,MCHP,5898
2026-09-29,LI,5777
2026-09-29,KHC,5768
2026-09-29,CHTR,5768
2026-09-29,BNTX,5602
2026-09-29,BBAI,5575
2026-09-29,P,5537
2026-09-29,GE,5476
2026-09-29,ISRG,5468
2026-09-29,VRTX,5453
2026-09-29,GIS,5381
2026-09-29,EXPE,5240
2026-09-29,SNPS,5056
2026-09-29,HPQ,5053
2026-09-29,DASH,5051
2026-09-29,ABBV,5003
2026-09-29,ABNB,4983
2026-09-29,VLO,4971
2026-09-29,LUV,4928
2026-09-29,WMB,4921
2026-09-29,TTWO,4800
2026-09-29,SLB,4740
2026-09-29,PINS,4550
2026-09-29,LMT,4329
2026-09-29,AXP,4298
2026-09-29,RTX,4177
2026-09-29,EMR,4166
2026-09-29,CEG,4027
2026-09-29,BEAM,4008
2026-09-29,MPC,4008
2026-09-29,DUST,3986
2026-09-29,FAZ,3859
2026-09-29,DUK,3825
2026-09-29,JETS,3790
2026-09-29,NOC,3758
2026-09-29,FDX,3668
2026-09-29,TAN,3612
2026-09-29,XRT,3600
2026-09-29,TECS,3589
2026-09-29,NUGT,3583
2026-09-29,FAS,3436
2026-09-29,KKR,3426
2026-09-29,KMI,3401
2026-09-29,ETN,3314
2026-09-29,URA,3305
2026-09-29,STZ,3206
2026-09-29,XLY,3199
2026-09-29,MA,3177
2026-09-29,CDNS,3111
2026-09-29,SYK,3099
2026-09-29,APO,3053
2026-09-29,JNUG,3052
2026-09-29,BSX,3036
2026-09-29,WDAY,3026
2026-09-29,DE,2907
2026-09-29,SPXL,2892
2026-09-29,CARR,2698
2026-09-29,EOG,2682
2026-09-29,COF,2616
2026-09-29,NTLA,2427
2026-09-29,ROKU,2409
2026-09-29,FUTU,2360
2026-09-29,JCI,2341
2026-09-29,PSX,2339
2026-09-29,GILD,2192
2026-09-29,TMO,2152
2026-09-29,MMM,2093
2026-09-29,LABU,2026
2026-09-29,EW,2023
2026-09-29,NXPI,1906
2026-09-29,FDN,1840
2026-09-29,MAR,1830
2026-09-29,YANG,1827
2026-09-29,GUSH,1809
2026-09-29,MDLZ,1775
2026-09-29,BLK,1774
2026-09-29,LOW,1740
2026-09-29,XLB,1672
2026-09-29,UNP,1670
2026-09-29,ITA,1652
2026-09-29,CRSP,1646
2026-09-29,DECK,1640
2026-09-29,ICE,1617
2026-09-29,CROX,1613
2026-09-29,PS,1606
2026-09-29,BIIB,1576
2026-09-29,TSEM,1552
2026-09-29,ZBH,1518
2026-09-29,XLRE,1501
2026-09-29,HON,1464
2026-09-29,REGN,1458
2026-09-29,LABD,1428
2026-09-29,EDC,1411
2026-09-29,CME,1354
2026-09-29,CSX,1303
2026-09-29,XLC,1218
2026-09-29,ROK,1195
2026-09-29,RL,1177
2026-09-29,PH,1172
2026-09-29,DXCM,1162
2026-09-29,DRIP,1158
2026-09-29,ARES,1104
2026-09-29,EL,1082
2026-09-29,CL,979
2026-09-29,NSC,921
2026-09-29,JDST,915
2026-09-29,HLT,877
2026-09-29,OTIS,859
2026-09-29,LIT,763
2026-09-29,TPR,727
2026-09-29,GD,635
2026-09-29,EDZ,304
2026-09-30,SPY,9303948
2026-09-30,QQQ,5675193
2026-09-30,TSLA,2556503
2026-09-30,NVDA,2274187
2026-09-30,AAPL,1708359
2026-09-30,IWM,872610
2026-09-30,AMZN,789182
2026-09-30,INTC,775227
2026-09-30,META,723962
2026-09-30,MSFT,608646
2026-09-30,GOOGL,538096
2026-09-30,TLT,523536
2026-09-30,AMD,453597
2026-09-30,MU,430722
2026-09-30,HYG,326519
2026-09-30,HOOD,294482
2026-09-30,MSTR,240158
2026-09-30,SLV,231816
2026-09-30,GME,222765
2026-09-30,TQQQ,210753
2026-09-30,PLTR,188009
2026-09-30,AVGO,178974
2026-09-30,GOOG,166684
2026-09-30,SOFI,154758
2026-09-30,SOXL,140538
2026-09-30,NU,138287
2026-09-30,GLD,135029
2026-09-30,XLU,128604
2026-09-30,USO,127068
2026-09-30,NFLX,120742
2026-09-30,ORCL,119224
2026-09-30,MARA,111443
2026-09-30,NKE,107057
2026-09-30,GDX,101192
2026-09-30,COIN,100904
2026-09-30,WMT,100724
2026-09-30,WBD,98030
2026-09-30,BE,94652
2026-09-30,KHC,92711
2026-09-30,MRNA,90914
2026-09-30,RKLB,88345
2026-09-30,BA,88025
2026-09-30,SMH,83530
2026-09-30,ASTS,79987
2026-09-30,SMCI,78777
2026-09-30,BAC,77944
2026-09-30,HPE,71357
2026-09-30,RIOT,69438
2026-09-30,HIMS,67351
2026-09-30,MRVL,65925
2026-09-30,TSM,63142
2026-09-30,DIA,61501
2026-09-30,F,58198
2026-09-30,MDB,55829
2026-09-30,ARM,53769
2026-09-30,NOW,53431
2026-09-30,BABA,52334
2026-09-30,CRWD,51167
2026-09-30,AAL,51017
2026-09-30,SNAP,50328
2026-09-30,AMC,49780
2026-09-30,IONQ,49255
2026-09-30,KO,43318
2026-09-30,SQQQ,43015
2026-09-30,EQT,42935
2026-09-30,JPM,42253
2026-09-30,LLY,39077
2026-09-30,U,38393
2026-09-30,PANW,38099
2026-09-30,KRE,38005
2026-09-30,RIVN,37478
2026-09-30,PYPL,37336
2026-09-30,PFE,36471
2026-09-30,CMG,35693
2026-09-30,APP,35673
2026-09-30,XLE,34683
2026-09-30,DELL,34322
2026-09-30,CCL,33806
2026-09-30,AMGN,32970
2026-09-30,NVO,32875
2026-09-30,VST,32696
2026-09-30,VXX,30824
2026-09-30,RDDT,30304
2026-09-30,XLF,29749
2026-09-30,UBER,27878
2026-09-30,QCOM,27212
2026-09-30,CRM,26303
2026-09-30,WFC,25085
2026-09-30,UNH,24971
2026-09-30,SNOW,24183
2026-09-30,DKNG,24018
2026-09-30,MCD,23682
2026-09-30,GS,23529
2026-09-30,IGV,23481
2026-09-30,SHOP,22879
2026-09-30,XBI,22541
2026-09-30,IBM,22182
2026-09-30,COST,22070
2026-09-30,XOM,21476
2026-09-30,LRCX,21425
2026-09-30,UVXY,21373
2026-09-30,C,21035
2026-09-30,CSCO,20830
2026-09-30,TGT,20812
2026-09-30,RGTI,20575
2026-09-30,AMAT,20091
2026-09-30,FSLR,20022
2026-09-30,SOUN,19931
2026-09-30,SOXX,19853
2026-09-30,SOXS,19271
2026-09-30,XYZ,19096
2026-09-30,UNG,19016
2026-09-30,WDC,18905
2026-09-30,CLSK,18677
2026-09-30,LCID,17879
2026-09-30,GM,17759
2026-09-30,MRK,17475
2026-09-30,PSKY,17158
2026-09-30,AI,17125
2026-09-30,ADBE,16856
2026-09-30,NIO,16667
2026-09-30,MDT,16503
2026-09-30,VZ,16396
2026-09-30,BILI,16040
2026-09-30,V,15987
2026-09-30,T,15915
2026-09-30,MS,15581
2026-09-30,NCLH,15461
2026-09-30,ARKK,15431
2026-09-30,QBTS,15402
2026-09-30,PEP,15172
2026-09-30,PATH,14927
2026-09-30,ACHR,14651
2026-09-30,PDD,14522
2026-09-30,XLK,13850
2026-09-30,CARR,13730
2026-09-30,JNJ,13710
2026-09-30,GIS,13550
2026-09-30,HD,13407
2026-09-30,HPQ,13229
2026-09-30,CRDO,13205
2026-09-30,ASML,13121
2026-09-30,OKTA,13061
2026-09-30,STX,12979
2026-09-30,XLI,12861
2026-09-30,ZS,12706
2026-09-30,BIDU,12607
2026-09-30,CVX,12562
2026-09-30,LUNR,12239
2026-09-30,RBLX,12023
2026-09-30,OPEN,11939
2026-09-30,LULU,11873
2026-09-30,TNA,11736
2026-09-30,DIS,11502
2026-09-30,DAL,11165
2026-09-30,OXY,10720
2026-09-30,ENPH,10410
2026-09-30,XLP,10314
2026-09-30,AFRM,10132
2026-09-30,CAT,10099
2026-09-30,BOIL,10072
2026-09-30,UPST,9627
2026-09-30,WMB,9143
2026-09-30,JD,9094
2026-09-30,UAL,9079
2026-09-30,PG,9041
2026-09-30,ABNB,8692
2026-09-30,JOBY,8655
2026-09-30,TZA,8436
2026-09-30,SNPS,8084
2026-09-30,ON,8081
2026-09-30,ANET,7797
2026-09-30,KOLD,7752
2026-09-30,TTWO,7670
2026-09-30,CMCSA,7640
2026-09-30,DDOG,7575
2026-09-30,COF,7520
2026-09-30,BKNG,7379
2026-09-30,DJT,7361
2026-09-30,CEG,7335
2026-09-30,FTNT,7101
2026-09-30,VLO,7099
2026-09-30,TECL,7064
2026-09-30,SCHW,6979
2026-09-30,BBAI,6958
2026-09-30,GDXJ,6901
2026-09-30,NET,6810
2026-09-30,SPOT,6722
2026-09-30,TMO,6722
2026-09-30,XLV,6715
2026-09-30,KLAC,6624
2026-09-30,RCL,6431
2026-09-30,XOP,6382
2026-09-30,PTON,6349
2026-09-30,TXN,6251
2026-09-30,GE,6075
2026-09-30,SPXU,5916
2026-09-30,CHTR,5906
2026-09-30,MNST,5892
2026-09-30,COP,5854
2026-09-30,ZM,5808
2026-09-30,BX,5765
2026-09-30,DASH,5729
2026-09-30,RTX,5668
2026-09-30,SBUX,5342
2026-09-30,NOC,5339
2026-09-30,NEE,5242
2026-09-30,LYFT,5071
2026-09-30,LMT,4905
2026-09-30,SLB,4877
2026-09-30,LUV,4842
2026-09-30,YINN,4789
2026-09-30,MPC,4747
2026-09-30,AXP,4725
2026-09-30,BSX,4703
2026-09-30,TAN,4592
2026-09-30,TEAM,4387
2026-09-30,P,4372
2026-09-30,UPS,4355
2026-09-30,XPEV,4321
2026-09-30,MCHP,4251
2026-09-30,PINS,4251
2026-09-30,ABBV,4175
2026-09-30,JETS,4012
2026-09-30,DUST,4011
2026-09-30,TMUS,4002
2026-09-30,DUK,3916
2026-09-30,BEAM,3898
2026-09-30,STZ,3860
2026-09-30,FAZ,3836
2026-09-30,URA,3836
2026-09-30,MA,3813
2026-09-30,GILD,3806
2026-09-30,LI,3728
2026-09-30,WDAY,3725
2026-09-30,TECS,3609
2026-09-30,VRTX,3601
2026-09-30,NUGT,3459
2026-09-30,ETN,3369
2026-09-30,APO,3352
2026-09-30,FAS,3202
2026-09-30,KKR,3192
2026-09-30,KMI,3130
2026-09-30,EXPE,3046
2026-09-30,XLY,3045
2026-09-30,BNTX,3021
2026-09-30,EMR,2939
2026-09-30,FDX,2856
2026-09-30,ISRG,2805
2026-09-30,JNUG,2715
2026-09-30,DECK,2698
2026-09-30,LABU,2681
2026-09-30,SPXL,2626
2026-09-30,CME,2597
2026-09-30,CDNS,2508
2026-09-30,NTLA,2437
2026-09-30,DE,2420
2026-09-30,ROKU,2382
2026-09-30,JCI,2310
2026-09-30,PH,2209
2026-09-30,MAR,2187
2026-09-30,CSX,2163
2026-09-30,EW,2090
2026-09-30,EOG,2014
2026-09-30,PSX,1974
2026-09-30,SYK,1937
2026-09-30,XLB,1895
2026-09-30,BLK,1891
2026-09-30,FUTU,1873
2026-09-30,ITA,1853
2026-09-30,CROX,1829
2026-09-30,NXPI,1828
2026-09-30,FDN,1818
2026-09-30,YANG,1777
2026-09-30,BIIB,1764
2026-09-30,TSEM,1759
2026-09-30,GUSH,1758
2026-09-30,LOW,1741
2026-09-30,MMM,1695
2026-09-30,XRT,1684
2026-09-30,LABD,1629
2026-09-30,UNP,1599
2026-09-30,PS,1569
2026-09-30,EDC,1472
2026-09-30,XLRE,1391
2026-09-30,REGN,1382
2026-09-30,HON,1358
2026-09-30,CRSP,1283
2026-09-30,HLT,1214
2026-09-30,RL,1188
2026-09-30,ROK,1172
2026-09-30,ICE,1168
2026-09-30,DXCM,1152
2026-09-30,EL,1132
2026-09-30,DRIP,1131
2026-09-30,JDST,1121
2026-09-30,ARES,1116
2026-09-30,XLC,1106
2026-09-30,OTIS,1105
2026-09-30,CL,988
2026-09-30,TPR,800
2026-09-30,LIT,743
2026-09-30,NSC,723
2026-09-30,MDLZ,711
2026-09-30,GD,592
2026-09-30,ZBH,506
2026-09-30,EDZ,308
2026-10-01,SPY,12736574
2026-10-01,QQQ,8610166
2026-10-01,NVDA,2155351
2026-10-01,IWM,1532471
2026-10-01,MU,1198482
2026-10-01,TSLA,1162796
2026-10-01,AAPL,983387
2026-10-01,TLT,689279
2026-10-01,AMZN,488854
2026-10-01,GOOGL,480143
2026-10-01,INTC,437900
2026-10-01,HYG,428192
2026-10-01,NKE,392931
2026-10-01,META,370746
2026-10-01,MSTR,365828
2026-10-01,MSFT,337282
2026-10-01,AMD,321058
2026-10-01,PLTR,280068
2026-10-01,HOOD,257678
2026-10-01,NFLX,251151
2026-10-01,SOFI,241323
2026-10-01,GOOG,210439
2026-10-01,TQQQ,203509
2026-10-01,SOXL,203135
2026-10-01,MARA,202162
2026-10-01,AVGO,191228
2026-10-01,SLV,161861
2026-10-01,ORCL,153873
2026-10-01,BAC,152021
2026-10-01,COIN,136614
2026-10-01,SMCI,131914
2026-10-01,GME,120509
2026-10-01,MRVL,119080
2026-10-01,USO,116638
2026-10-01,BA,111973
2026-10-01,AMC,110534
2026-10-01,XLU,108353
2026-10-01,SMH,103299
2026-10-01,GLD,103263
2026-10-01,C,101936
2026-10-01,BE,98872
2026-10-01,DELL,91856
2026-10-01,RKLB,91608
2026-10-01,KRE,83633
2026-10-01,RIVN,79179
2026-10-01,GDX,78471
2026-10-01,WMT,77616
2026-10-01,CSCO,75006
2026-10-01,WBD,74863
2026-10-01,MRNA,74703
2026-10-01,ASTS,67009
2026-10-01,IBM,66652
2026-10-01,NU,65661
2026-10-01,APP,63090
2026-10-01,NOW,61724
2026-10-01,SQQQ,61193
2026-10-01,BABA,60884
2026-10-01,UBER,57669
2026-10-01,PSKY,56450
2026-10-01,TSM,50342
2026-10-01,VXX,47824
2026-10-01,SOXS,47762
2026-10-01,RIOT,47425
2026-10-01,JPM,44724
2026-10-01,LRCX,44483
2026-10-01,DIA,43926
2026-10-01,CRWD,43698
2026-10-01,ARM,43408
2026-10-01,XLF,43266
2026-10-01,XBI,43115
2026-10-01,AMAT,42900
2026-10-01,HIMS,41370
2026-10-01,F,40339
2026-10-01,U,39120
2026-10-01,XLE,38290
2026-10-01,UNH,38270
2026-10-01,CRDO,35321
2026-10-01,AAL,35285
2026-10-01,DAL,35033
2026-10-01,COST,34590
2026-10-01,RDDT,33572
2026-10-01,AMGN,33112
2026-10-01,IONQ,33028
2026-10-01,QCOM,32709
2026-10-01,PFE,32480
2026-10-01,GS,32238
2026-10-01,MCD,31109
2026-10-01,SNAP,30943
2026-10-01,HPE,30592
2026-10-01,UVXY,30128
2026-10-01,VST,30094
2026-10-01,CLSK,29673
2026-10-01,PATH,28444
2026-10-01,RGTI,28371
2026-10-01,LLY,27607
2026-10-01,XLK,27026
2026-10-01,XOM,26428
2026-10-01,WDC,26268
2026-10-01,CCL,25879
2026-10-01,LULU,25403
2026-10-01,WFC,25317
2026-10-01,DKNG,24544
2026-10-01,KO,24540
2026-10-01,APO,24179
2026-10-01,CRM,24012
2026-10-01,HD,23786
2026-10-01,PG,23582
2026-10-01,PYPL,23222
2026-10-01,ON,22813
2026-10-01,DIS,22425
2026-10-01,MDB,22223
2026-10-01,NVO,21945
2026-10-01,MCHP,21343
2026-10-01,QBTS,21208
2026-10-01,UNG,20855
2026-10-01,FSLR,20474
2026-10-01,SHOP,19953
2026-10-01,BIDU,19946
2026-10-01,PEP,19898
2026-10-01,PANW,19512
2026-10-01,SNOW,18902
2026-10-01,T,18834
2026-10-01,TNA,18656
2026-10-01,STX,18240
2026-10-01,CMG,18036
2026-10-01,MS,17884
2026-10-01,ADBE,17870
2026-10-01,JNJ,17482
2026-10-01,SOXX,17391
2026-10-01,OPEN,17294
2026-10-01,MDT,16976
2026-10-01,VZ,16908
2026-10-01,GIS,16381
2026-10-01,ACHR,16312
2026-10-01,KLAC,16263
2026-10-01,AI,16056
2026-10-01,OXY,15750
2026-10-01,SNPS,15748
2026-10-01,SCHW,15717
2026-10-01,ASML,15600
2026-10-01,KHC,15451
2026-10-01,CVX,15229
2026-10-01,XPEV,14917
2026-10-01,XYZ,14554
2026-10-01,SOUN,14551
2026-10-01,CAT,14510
2026-10-01,HPQ,14274
2026-10-01,BOIL,14200
2026-10-01,MRK,13802
2026-10-01,XLV,13466
2026-10-01,TGT,13096
2026-10-01,VLO,12888
2026-10-01,NIO,12847
2026-10-01,XLI,12495
2026-10-01,BX,12350
2026-10-01,XLP,12168
2026-10-01,UNP,11798
2026-10-01,PDD,10809
2026-10-01,AFRM,10787
2026-10-01,ARKK,10577
2026-10-01,ANET,10528
2026-10-01,BBAI,10325
2026-10-01,IGV,10278
2026-10-01,KOLD,10173
2026-10-01,ZS,10041
2026-10-01,LCID,9998
2026-10-01,GM,9995
2026-10-01,EQT,9705
2026-10-01,V,9661
2026-10-01,RBLX,9652
2026-10-01,DECK,9573
2026-10-01,GDXJ,9537
2026-10-01,TZA,9503
2026-10-01,BKNG,9431
2026-10-01,JOBY,9418
2026-10-01,DJT,9319
2026-10-01,OKTA,9013
2026-10-01,NCLH,8781
2026-10-01,BILI,8573
2026-10-01,LOW,8374
2026-10-01,UPS,8169
2026-10-01,ENPH,7911
2026-10-01,UAL,7910
2026-10-01,KKR,7883
2026-10-01,CMCSA,7778
2026-10-01,UPST,7556
2026-10-01,NEE,7428
2026-10-01,XOP,7398
2026-10-01,CEG,7372
2026-10-01,TECL,7292
2026-10-01,NET,7268
2026-10-01,MPC,7258
2026-10-01,DDOG,7072
2026-10-01,LUNR,6970
2026-10-01,ABBV,6735
2026-10-01,URA,6716
2026-10-01,COF,6679
2026-10-01,ZM,6657
2026-10-01,ABNB,6458
2026-10-01,MNST,6217
2026-10-01,CHTR,6216
2026-10-01,JD,6095
2026-10-01,TXN,6058
2026-10-01,WMB,6030
2026-10-01,SPXU,5947
2026-10-01,WDAY,5894
2026-10-01,COP,5889
2026-10-01,SBUX,5802
2026-10-01,AXP,5774
2026-10-01,DASH,5681
2026-10-01,TMO,5672
2026-10-01,TEAM,5573
2026-10-01,PINS,5503
2026-10-01,LYFT,5500
2026-10-01,JETS,5232
2026-10-01,YINN,5182
2026-10-01,TTWO,5079
2026-10-01,BSX,5008
2026-10-01,LUV,4939
2026-10-01,P,4919
2026-10-01,LMT,4869
2026-10-01,RTX,4800
2026-10-01,NOC,4745
2026-10-01,SPOT,4737
2026-10-01,LI,4621
2026-10-01,GE,4456
2026-10-01,NUGT,4324
2026-10-01,FTNT,4308
2026-10-01,SLB,4119
2026-10-01,STZ,4109
2026-10-01,SPXL,4020
2026-10-01,DUST,4012
2026-10-01,FAZ,3831
2026-10-01,FUTU,3786
2026-10-01,TSEM,3704
2026-10-01,NTLA,3639
2026-10-01,TECS,3605
2026-10-01,DE,3463
2026-10-01,ISRG,3462
2026-10-01,ETN,3398
2026-10-01,FAS,3388
2026-10-01,EOG,3336
2026-10-01,MA,3299
2026-10-01,VRTX,3277
2026-10-01,RCL,3264
2026-10-01,CDNS,3188
2026-10-01,JCI,3182
2026-10-01,EXPE,3158
2026-10-01,PTON,3151
2026-10-01,DUK,2982
2026-10-01,TAN,2981
2026-10-01,BEAM,2912
2026-10-01,HON,2905
2026-10-01,BNTX,2874
2026-10-01,SYK,2723
2026-10-01,XLY,2695
2026-10-01,FDX,2639
2026-10-01,JNUG,2625
2026-10-01,MMM,2569
2026-10-01,KMI,2557
2026-10-01,XRT,2510
2026-10-01,GILD,2507
2026-10-01,TMUS,2445
2026-10-01,ROKU,2427
2026-10-01,NXPI,2418
2026-10-01,LABU,2384
2026-10-01,CME,2336
2026-10-01,ITA,2310
2026-10-01,EL,2029
2026-10-01,PSX,1865
2026-10-01,EW,1841
2026-10-01,PS,1829
2026-10-01,XLB,1814
2026-10-01,GUSH,1811
2026-10-01,FDN,1799
2026-10-01,MAR,1797
2026-10-01,YANG,1784
2026-10-01,BLK,1731
2026-10-01,XLC,1705
2026-10-01,XLRE,1584
2026-10-01,MDLZ,1570
2026-10-01,EDC,1498
2026-10-01,RL,1404
2026-10-01,LABD,1372
2026-10-01,CRSP,1362
2026-10-01,ARES,1338
2026-10-01,PH,1323
2026-10-01,REGN,1302
2026-10-01,CSX,1279
2026-10-01,CROX,1271
2026-10-01,DXCM,1256
2026-10-01,ROK,1235
2026-10-01,CL,1219
2026-10-01,CARR,1190
2026-10-01,BIIB,1180
2026-10-01,HLT,1128
2026-10-01,JDST,1121
2026-10-01,DRIP,1078
2026-10-01,OTIS,1022
2026-10-01,EMR,961
2026-10-01,NSC,851
2026-10-01,ICE,715
2026-10-01,GD,694
2026-10-01,LIT,686
2026-10-01,TPR,680
2026-10-01,ZBH,473
2026-10-01,EDZ,308
2026-10-02,SPY,11327779
2026-10-02,QQQ,7148881
2026-10-02,NVDA,3586647
2026-10-02,TSLA,2973825
2026-10-02,AAPL,1151366
2026-10-02,IWM,1093046
2026-10-02,MU,1035399
2026-10-02,MSTR,843927
2026-10-02,INTC,687359
2026-10-02,AMZN,609227
2026-10-02,AMD,558371
2026-10-02,TLT,524857
2026-10-02,NKE,468902
2026-10-02,META,449997
2026-10-02,HOOD,438655
2026-10-02,GOOGL,425407
2026-10-02,AVGO,349347
2026-10-02,MSFT,338828
2026-10-02,MARA,317720
2026-10-02,SMCI,312394
2026-10-02,PLTR,311739
2026-10-02,TQQQ,305763
2026-10-02,ORCL,299523
2026-10-02,SOXL,269214
2026-10-02,HYG,256358
2026-10-02,NFLX,254196
2026-10-02,SMH,250402
2026-10-02,SLV,245530
2026-10-02,COIN,235039
2026-10-02,USO,225688
2026-10-02,SOFI,218279
2026-10-02,GME,198576
2026-10-02,RKLB,189427
2026-10-02,GOOG,174944
2026-10-02,GLD,168716
2026-10-02,AI,159576
2026-10-02,BE,156063
2026-10-02,RIVN,145890
2026-10-02,MRVL,136335
2026-10-02,WDC,135290
2026-10-02,TSM,132294
2026-10-02,BA,124305
2026-10-02,GDX,117828
2026-10-02,MRNA,114770
2026-10-02,ARM,107515
2026-10-02,ASTS,107205
2026-10-02,DELL,102411
2026-10-02,BAC,100474
2026-10-02,BABA,83546
2026-10-02,SQQQ,83059
2026-10-02,XLU,81503
2026-10-02,NU,74512
2026-10-02,CSCO,74091
2026-10-02,OXY,71413
2026-10-02,PSKY,71090
2026-10-02,WMT,68688
2026-10-02,HIMS,68263
2026-10-02,SOXS,68123
2026-10-02,VXX,63014
2026-10-02,CRWD,62575
2026-10-02,STX,61843
2026-10-02,WBD,60825
2026-10-02,RDDT,59921
2026-10-02,HPE,59888
2026-10-02,CCL,56862
2026-10-02,NOW,55477
2026-10-02,AMC,51955
2026-10-02,APP,51517
2026-10-02,RIOT,51110
2026-10-02,F,48732
2026-10-02,QCOM,48507
2026-10-02,UBER,48298
2026-10-02,IONQ,45803
2026-10-02,AAL,44477
2026-10-02,XLE,43272
2026-10-02,SHOP,41894
2026-10-02,PFE,41692
2026-10-02,CRDO,41235
2026-10-02,ARKK,40885
2026-10-02,JPM,40421
2026-10-02,C,39542
2026-10-02,XLF,38628
2026-10-02,UVXY,38190
2026-10-02,DIA,38143
2026-10-02,EQT,37988
2026-10-02,XOM,37789
2026-10-02,LULU,36959
2026-10-02,SOXX,36953
2026-10-02,U,36487
2026-10-02,UNH,36359
2026-10-02,IBM,34598
2026-10-02,VST,33030
2026-10-02,DKNG,32887
2026-10-02,LRCX,32061
2026-10-02,CLSK,31447
2026-10-02,KRE,31292
2026-10-02,AMAT,31014
2026-10-02,SNOW,30068
2026-10-02,COST,30016
2026-10-02,WFC,29400
2026-10-02,BBAI,28982
2026-10-02,LLY,28516
2026-10-02,CVX,28354
2026-10-02,ON,28057
2026-10-02,TNA,27502
2026-10-02,XLK,27199
2026-10-02,NVO,26619
2026-10-02,RGTI,26442
2026-10-02,PANW,26101
2026-10-02,SNAP,26027
2026-10-02,APO,25524
2026-10-02,MDB,25096
2026-10-02,PYPL,24793
2026-10-02,GS,24073
2026-10-02,MCD,23312
2026-10-02,QBTS,23030
2026-10-02,XBI,22022
2026-10-02,CMG,21776
2026-10-02,KO,21674
2026-10-02,OPEN,21230
2026-10-02,RBLX,20832
2026-10-02,SOUN,20707
2026-10-02,UNG,20440
2026-10-02,CAT,20239
2026-10-02,HD,19763
2026-10-02,FSLR,19544
2026-10-02,DIS,19467
2026-10-02,LUNR,19250
2026-10-02,AFRM,19032
2026-10-02,BIDU,18568
2026-10-02,GE,18499
2026-10-02,ENPH,18481
2026-10-02,KMI,18462
2026-10-02,XYZ,18326
2026-10-02,ASML,18215
2026-10-02,JNJ,17955
2026-10-02,CRM,17718
2026-10-02,IGV,17302
2026-10-02,TXN,16545
2026-10-02,ACHR,16543
2026-10-02,T,16464
2026-10-02,NCLH,16437
2026-10-02,PEP,16291
2026-10-02,AXP,15786
2026-10-02,MDT,15725
2026-10-02,MRK,15493
2026-10-02,DAL,15204
2026-10-02,ADBE,15110
2026-10-02,PATH,14787
2026-10-02,BOIL,13893
2026-10-02,VZ,12969
2026-10-02,NIO,12946
2026-10-02,NEE,12661
2026-10-02,VLO,12638
2026-10-02,ZS,12450
2026-10-02,V,12154
2026-10-02,XLI,12096
2026-10-02,PDD,12037
2026-10-02,BX,11741
2026-10-02,SCHW,11677
2026-10-02,P,11432
2026-10-02,HPQ,11250
2026-10-02,BKNG,11206
2026-10-02,TZA,11010
2026-10-02,DDOG,10948
2026-10-02,YINN,10657
2026-10-02,ANET,10657
2026-10-02,LOW,10506
2026-10-02,LCID,10443
2026-10-02,MS,10276
2026-10-02,XLP,10258
2026-10-02,GIS,10054
2026-10-02,LYFT,10016
2026-10-02,XLV,9992
2026-10-02,NET,9968
2026-10-02,ABBV,9773
2026-10-02,JOBY,9716
2026-10-02,UAL,9570
2026-10-02,SBUX,9481
2026-10-02,OKTA,8991
2026-10-02,SNPS,8957
2026-10-02,SPOT,8951
2026-10-02,XPEV,8731
2026-10-02,UPST,8704
2026-10-02,GDXJ,8641
2026-10-02,DJT,8623
2026-10-02,CMCSA,8603
2026-10-02,URA,8573
2026-10-02,BILI,8449
2026-10-02,UPS,8425
2026-10-02,XOP,8391
2026-10-02,CEG,8295
2026-10-02,GM,8098
2026-10-02,MCHP,7662
2026-10-02,JD,7616
2026-10-02,BSX,7305
2026-10-02,TECL,7276
2026-10-02,DASH,7107
2026-10-02,KHC,7105
2026-10-02,TGT,7100
2026-10-02,PTON,7083
2026-10-02,WMB,7001
2026-10-02,COP,6962
2026-10-02,KKR,6943
2026-10-02,AMGN,6930
2026-10-02,PG,6867
2026-10-02,LABU,6783
2026-10-02,SPXU,6779
2026-10-02,KLAC,6698
2026-10-02,RTX,6651
2026-10-02,VRTX,6233
2026-10-02,COF,6156
2026-10-02,ABNB,5906
2026-10-02,TMO,5799
2026-10-02,MPC,5770
2026-10-02,MNST,5681
2026-10-02,ETN,5577
2026-10-02,CHTR,5263
2026-10-02,MA,5048
2026-10-02,RCL,5047
2026-10-02,TAN,4887
2026-10-02,SLB,4867
2026-10-02,LMT,4748
2026-10-02,LUV,4630
2026-10-02,XLB,4563
2026-10-02,NUGT,4468
2026-10-02,SPXL,4431
2026-10-02,FAZ,4428
2026-10-02,NOC,4425
2026-10-02,KOLD,4317
2026-10-02,NXPI,4209
2026-10-02,ZM,4197
2026-10-02,TMUS,4041
2026-10-02,TEAM,4031
2026-10-02,PINS,4020
2026-10-02,LI,3955
2026-10-02,DUST,3953
2026-10-02,TTWO,3912
2026-10-02,TECS,3719
2026-10-02,FTNT,3695
2026-10-02,FAS,3675
2026-10-02,STZ,3632
2026-10-02,ISRG,3562
2026-10-02,MMM,3532
2026-10-02,FUTU,3454
2026-10-02,EXPE,3442
2026-10-02,ICE,3208
2026-10-02,FDX,3157
2026-10-02,BEAM,3099
2026-10-02,JETS,3033
2026-10-02,WDAY,2830
2026-10-02,CARR,2764
2026-10-02,CDNS,2692
2026-10-02,TSEM,2674
2026-10-02,JNUG,2656
2026-10-02,SYK,2615
2026-10-02,JCI,2601
2026-10-02,ROKU,2441
2026-10-02,DE,2424
2026-10-02,DECK,2391
2026-10-02,DUK,2385
2026-10-02,BNTX,2352
2026-10-02,NTLA,2337
2026-10-02,CRSP,2283
2026-10-02,GILD,2190
2026-10-02,PSX,2181
2026-10-02,CME,2160
2026-10-02,EMR,2141
2026-10-02,OTIS,2122
2026-10-02,EOG,2087
2026-10-02,YANG,1985
2026-10-02,BIIB,1966
2026-10-02,ITA,1945
2026-10-02,XRT,1908
2026-10-02,MAR,1874
2026-10-02,MDLZ,1870
2026-10-02,FDN,1796
2026-10-02,GUSH,1769
2026-10-02,BLK,1730
2026-10-02,XLC,1656
2026-10-02,CSX,1630
2026-10-02,LABD,1559
2026-10-02,RL,1557
2026-10-02,EDC,1538
2026-10-02,CROX,1493
2026-10-02,UNP,1471
2026-10-02,EL,1468
2026-10-02,XLY,1464
2026-10-02,PS,1412
2026-10-02,ARES,1394
2026-10-02,HON,1356
2026-10-02,REGN,1336
2026-10-02,XLRE,1332
2026-10-02,NSC,1301
2026-10-02,DXCM,1295
2026-10-02,EW,1292
2026-10-02,PH,1292
2026-10-02,ROK,1214
2026-10-02,CL,1200
2026-10-02,JDST,1141
2026-10-02,HLT,1128
2026-10-02,DRIP,1088
2026-10-02,TPR,810
2026-10-02,LIT,721
2026-10-02,GD,665
2026-10-02,ZBH,439
2026-10-02,EDZ,307
2026-10-05,SPY,3929234
2026-10-05,QQQ,2452923
2026-10-05,TSLA,1369796
2026-10-05,NVDA,1177495
2026-10-05,IWM,493686
2026-10-05,AAPL,444774
2026-10-05,MSFT,388572
2026-10-05,META,361915
2026-10-05,MU,329892
2026-10-05,INTC,300227
2026-10-05,AMZN,244131
2026-10-05,TLT,205315
2026-10-05,GOOGL,174176
2026-10-05,GME,167533
2026-10-05,AMD,152612
2026-10-05,AVGO,141856
2026-10-05,SOFI,126366
2026-10-05,SLV,118720
2026-10-05,MSTR,111968
2026-10-05,PLTR,110687
2026-10-05,SOXL,105420
2026-10-05,TQQQ,102190
2026-10-05,KHC,85554
2026-10-05,SMH,84616
2026-10-05,HYG,83819
2026-10-05,ORCL,82385
2026-10-05,HOOD,81447
2026-10-05,CMG,78240
2026-10-05,NFLX,75346
2026-10-05,USO,69230
2026-10-05,NU,67146
2026-10-05,TSM,66900
2026-10-05,NKE,64029
2026-10-05,MARA,63890
2026-10-05,COIN,57481
2026-10-05,MRVL,55742
2026-10-05,GOOG,51485
2026-10-05,VST,43906
2026-10-05,RIOT,43874
2026-10-05,SMCI,43670
2026-10-05,GLD,43102
2026-10-05,AMC,42543
2026-10-05,BE,42243
2026-10-05,UBER,38940
2026-10-05,WDC,36079
2026-10-05,RKLB,36067
2026-10-05,BAC,35596
2026-10-05,CSCO,34399
2026-10-05,AAL,34253
2026-10-05,BABA,31846
2026-10-05,XLF,29880
2026-10-05,RIVN,29294
2026-10-05,WMT,29129
2026-10-05,XPEV,29008
2026-10-05,ASTS,28527
2026-10-05,BA,27197
2026-10-05,ARM,26555
2026-10-05,DELL,25203
2026-10-05,WBD,24969
2026-10-05,SHOP,24143
2026-10-05,PINS,23672
2026-10-05,DIA,23523
2026-10-05,STX,22860
2026-10-05,APP,22620
2026-10-05,QCOM,22603
2026-10-05,DKNG,21753
2026-10-05,PFE,21525
2026-10-05,MRNA,21166
2026-10-05,CLSK,21118
2026-10-05,IONQ,20787
2026-10-05,SOXS,20211
2026-10-05,CRWD,19837
2026-10-05,HIMS,19577
2026-10-05,SQQQ,19506
2026-10-05,XLE,19223
2026-10-05,MRK,18443
2026-10-05,SOXX,17915
2026-10-05,VXX,17758
2026-10-05,U,17583
2026-10-05,XLU,17576
2026-10-05,APO,17525
2026-10-05,EQT,17483
2026-10-05,NOW,17470
2026-10-05,AMAT,16885
2026-10-05,QBTS,16487
2026-10-05,F,16210
2026-10-05,CCL,16200
2026-10-05,PANW,15961
2026-10-05,PSKY,15956
2026-10-05,OXY,15895
2026-10-05,GDX,14896
2026-10-05,T,14687
2026-10-05,COST,14385
2026-10-05,UNH,14336
2026-10-05,LLY,13970
2026-10-05,UVXY,13788
2026-10-05,UPST,13605
2026-10-05,SNAP,13453
2026-10-05,ARKK,13169
2026-10-05,LULU,13092
2026-10-05,RDDT,12937
2026-10-05,KO,12734
2026-10-05,HPE,12715
2026-10-05,GS,12264
2026-10-05,KRE,12235
2026-10-05,CRDO,11829
2026-10-05,OPEN,11558
2026-10-05,RGTI,11295
2026-10-05,NET,11264
2026-10-05,C,11131
2026-10-05,WMB,11104
2026-10-05,XOM,11076
2026-10-05,NIO,10487
2026-10-05,JNJ,10307
2026-10-05,SOUN,10217
2026-10-05,MCD,10176
2026-10-05,XBI,10174
2026-10-05,MDB,10101
2026-10-05,ZS,9980
2026-10-05,ANET,9812
2026-10-05,UNG,9761
2026-10-05,IBM,9455
2026-10-05,ACHR,9439
2026-10-05,CRM,9269
2026-10-05,XLK,9177
2026-10-05,JPM,9169
2026-10-05,MDT,9131
2026-10-05,CAT,9126
2026-10-05,LRCX,9060
2026-10-05,LUNR,8926
2026-10-05,TNA,8905
2026-10-05,PEP,8901
2026-10-05,PDD,8871
2026-10-05,XLI,8827
2026-10-05,ASML,8598
2026-10-05,SNOW,8179
2026-10-05,BKNG,8128
2026-10-05,BBAI,8022
2026-10-05,WFC,7939
2026-10-05,HD,7768
2026-10-05,BILI,7675
2026-10-05,CMCSA,7630
2026-10-05,AFRM,7582
2026-10-05,PYPL,7535
2026-10-05,CVX,7431
2026-10-05,TXN,7420
2026-10-05,BIDU,7370
2026-10-05,TZA,7252
2026-10-05,TECL,7210
2026-10-05,ADBE,7126
2026-10-05,NVO,7126
2026-10-05,HPQ,7076
2026-10-05,IGV,6938
2026-10-05,TGT,6800
2026-10-05,GM,6740
2026-10-05,AMGN,6573
2026-10-05,P,6553
2026-10-05,SPXU,6514
2026-10-05,YINN,6317
2026-10-05,CEG,6314
2026-10-05,ON,6295
2026-10-05,URA,6259
2026-10-05,BX,6234
2026-10-05,TMO,6197
2026-10-05,DIS,6188
2026-10-05,VZ,6185
2026-10-05,CHTR,6164
2026-10-05,GDXJ,6069
2026-10-05,FSLR,5903
2026-10-05,RBLX,5855
2026-10-05,SBUX,5745
2026-10-05,OKTA,5741
2026-10-05,LUV,5735
2026-10-05,LYFT,5674
2026-10-05,JD,5603
2026-10-05,LOW,5599
2026-10-05,XLP,5555
2026-10-05,XOP,5323
2026-10-05,VRTX,5264
2026-10-05,V,5253
2026-10-05,BOIL,5217
2026-10-05,JOBY,5199
2026-10-05,MNST,5195
2026-10-05,SPOT,5140
2026-10-05,SCHW,5034
2026-10-05,PG,5017
2026-10-05,NCLH,4951
2026-10-05,MS,4911
2026-10-05,MCHP,4895
2026-10-05,DAL,4884
2026-10-05,MPC,4877
2026-10-05,ABBV,4780
2026-10-05,GIS,4671
2026-10-05,NOC,4656
2026-10-05,GE,4625
2026-10-05,BSX,4622
2026-10-05,DJT,4517
2026-10-05,XLB,4486
2026-10-05,FAZ,4482
2026-10-05,AI,4452
2026-10-05,UAL,4353
2026-10-05,PATH,4248
2026-10-05,KLAC,4219
2026-10-05,LCID,4169
2026-10-05,XLV,4103
2026-10-05,TECS,4101
2026-10-05,LMT,4061
2026-10-05,DDOG,4056
2026-10-05,KOLD,4035
2026-10-05,NTLA,4018
2026-10-05,DUST,3983
2026-10-05,VLO,3861
2026-10-05,UPS,3861
2026-10-05,XRT,3831
2026-10-05,ENPH,3764
2026-10-05,XYZ,3755
2026-10-05,COP,3683
2026-10-05,TAN,3648
2026-10-05,NEE,3616
2026-10-05,FAS,3532
2026-10-05,LI,3434
2026-10-05,NUGT,3371
2026-10-05,FUTU,3314
2026-10-05,SNPS,3302
2026-10-05,FDX,3243
2026-10-05,ABNB,3111
2026-10-05,RTX,3012
2026-10-05,PTON,2980
2026-10-05,KKR,2957
2026-10-05,NXPI,2938
2026-10-05,RCL,2883
2026-10-05,DASH,2835
2026-10-05,SLB,2831
2026-10-05,ETN,2812
2026-10-05,AXP,2790
2026-10-05,EXPE,2752
2026-10-05,TSEM,2733
2026-10-05,BNTX,2682
2026-10-05,TEAM,2646
2026-10-05,JNUG,2631
2026-10-05,ISRG,2621
2026-10-05,SYK,2519
2026-10-05,MA,2452
2026-10-05,SPXL,2403
2026-10-05,JETS,2398
2026-10-05,BEAM,2278
2026-10-05,JCI,2188
2026-10-05,WDAY,2113
2026-10-05,ZM,2108
2026-10-05,YANG,2028
2026-10-05,LABU,2019
2026-10-05,STZ,1973
2026-10-05,KMI,1939
2026-10-05,MDLZ,1935
2026-10-05,GILD,1916
2026-10-05,TTWO,1893
2026-10-05,FTNT,1840
2026-10-05,COF,1832
2026-10-05,GUSH,1785
2026-10-05,DUK,1763
2026-10-05,CDNS,1732
2026-10-05,ICE,1670
2026-10-05,ITA,1663
2026-10-05,LABD,1652
2026-10-05,DECK,1643
2026-10-05,BIIB,1637
2026-10-05,EDC,1582
2026-10-05,RL,1572
2026-10-05,DE,1566
2026-10-05,CRSP,1547
2026-10-05,EOG,1523
2026-10-05,OTIS,1474
2026-10-05,CME,1455
2026-10-05,PS,1442
2026-10-05,CROX,1441
2026-10-05,MMM,1412
2026-10-05,ROKU,1385
2026-10-05,EL,1372
2026-10-05,ARES,1366
2026-10-05,PH,1355
2026-10-05,XLY,1335
2026-10-05,MAR,1328
2026-10-05,NSC,1313
2026-10-05,FDN,1311
2026-10-05,XLRE,1306
2026-10-05,EW,1292
2026-10-05,ROK,1209
2026-10-05,PSX,1191
2026-10-05,JDST,1140
2026-10-05,CARR,1131
2026-10-05,DRIP,1119
2026-10-05,TMUS,1119
2026-10-05,BLK,1107
2026-10-05,CSX,1094
2026-10-05,UNP,1066
2026-10-05,HLT,1046
2026-10-05,REGN,958
2026-10-05,XLC,927
2026-10-05,HON,858
2026-10-05,EMR,799
2026-10-05,DXCM,768
2026-10-05,LIT,705
2026-10-05,TPR,571
2026-10-05,CL,529
2026-10-05,GD,518
2026-10-05,ZBH,455
2026-10-05,EDZ,306
