ticker,price,chg_pct,options_volume,call_volume,put_volume,pc_ratio,day_high,day_low,expiries_scanned,name
SPY,777.31,-0.23,10098902,4888870,5210032,1.07,779.1,773.61,6,State Street SPDR S&P 500 ETF T
QQQ,757.96,-0.22,5728075,2622951,3105124,1.18,758.2,751.76,6,"Invesco QQQ Trust, Series 1"
TSLA,377.92,-0.73,1888051,994292,893759,0.9,382.35,374.43,6,"Tesla, Inc."
NVDA,237.42,-0.76,1778982,1032868,746114,0.72,239.08,236.38,6,NVIDIA Corporation
MU,1086.6,3.93,1593921,1018802,575119,0.56,1089.2,1011.42,6,"Micron Technology, Inc."
AAPL,336.71,0.92,1276278,826301,449977,0.54,338.67,332.79,6,Apple Inc.
IWM,277.61,-1.33,1064358,583151,481207,0.83,279.04,276.95,6,iShares Russell 2000 Index Fund
AMZN,259.9,1.41,947554,695133,252421,0.36,260.06,253.17,6,"Amazon.com, Inc."
INTC,113.25,0.67,693177,472430,220747,0.47,115.3,111.15,6,Intel Corporation
META,720.92,-2.43,646280,399623,246657,0.62,738.0,720.15,6,"Meta Platforms, Inc."
TLT,77.08,-0.25,516863,370981,145882,0.39,77.32,76.43,6,iShares 20+ Year Treasury Bond 
AMD,645.93,-0.54,437036,239818,197218,0.82,648.48,633.16,6,"Advanced Micro Devices, Inc."
GOOGL,350.64,0.85,400532,287453,113079,0.39,350.8,343.07,6,Alphabet Inc.
MSFT,529.97,0.13,367752,217107,150645,0.69,531.73,524.69,6,Microsoft Corporation
MSTR,153.51,-6.71,342054,210920,131134,0.62,158.66,152.53,6,Strategy Inc
SOXL,158.84,-3.3,254411,138431,115980,0.84,159.49,151.42,6,Direxion Daily Semiconductor Bu
PLTR,194.09,1.05,254401,159782,94619,0.59,194.7,190.11,6,Palantir Technologies Inc.
SLV,53.85,-2.89,239276,147457,91819,0.62,54.38,53.6,6,iShares Silver Trust
AVGO,376.47,0.18,234297,162815,71482,0.44,376.97,369.12,6,Broadcom Inc.
MARA,10.36,-5.56,201952,174062,27890,0.16,10.83,10.16,6,"MARA Holdings, Inc."
HOOD,109.61,-2.14,200180,134017,66163,0.49,110.16,107.51,6,"Robinhood Markets, Inc."
NFLX,69.72,1.5,199135,150396,48739,0.32,69.79,68.4,6,"Netflix, Inc."
TQQQ,83.67,-0.69,196780,104784,91996,0.88,83.75,81.6,6,ProShares UltraPro QQQ
SMCI,44.97,3.47,158950,107129,51821,0.48,45.76,42.46,6,"Super Micro Computer, Inc."
SOFI,15.65,-0.7,148765,98381,50384,0.51,15.69,15.45,6,"SoFi Technologies, Inc."
GLD,375.88,-1.67,139941,97854,42087,0.43,378.25,374.24,6,SPDR Gold Shares
ORCL,143.7,-0.74,139849,102497,37352,0.36,144.7,141.37,6,Oracle Corporation
HYG,77.18,-0.12,130354,22657,107697,4.75,77.21,76.93,6,iShares iBoxx $ High Yield Corp
MRVL,284.83,-0.76,113360,73810,39550,0.54,287.03,276.5,6,"Marvell Technology, Inc."
USO,143.98,-0.65,113238,57709,55529,0.96,147.07,142.47,6,United States Oil Fund
GOOG,347.39,0.81,103510,71665,31845,0.44,347.57,340.28,6,Alphabet Inc.
RKLB,71.99,-4.1,99956,69660,30296,0.43,73.15,70.63,6,Rocket Lab Corporation
GME,24.58,-0.73,93896,81447,12449,0.15,24.74,24.41,6,GameStop Corporation
COIN,178.49,-3.91,88196,49679,38517,0.78,181.2,177.0,6,"Coinbase Global, Inc."
BAC,53.56,-0.97,84695,61229,23466,0.38,53.68,52.91,6,Bank of America Corporation
BABA,106.94,-2.12,77452,47503,29949,0.63,107.42,106.26,6,Alibaba Group Holding Limited
SMH,625.26,-1.14,74643,26874,47769,1.78,625.89,618.78,6,VanEck Semiconductor ETF
TSM,472.62,-2.01,72140,32324,39816,1.23,475.8,471.3,6,Taiwan Semiconductor Manufactur
XLU,41.15,-0.01,71021,64620,6401,0.1,41.33,40.82,6,State Street Utilities Select S
BE,291.42,-1.47,69424,36077,33347,0.92,296.83,284.54,6,Bloom Energy Corporation
RIOT,18.58,-1.88,68962,50455,18507,0.37,18.6,17.83,6,"Riot Platforms, Inc."
ASTS,60.74,-3.78,67699,44595,23104,0.52,61.63,58.88,6,"AST SpaceMobile, Inc."
WMT,108.14,0.88,66298,48389,17909,0.37,108.8,107.4,6,Walmart Inc.
AMC,2.88,-2.2,66095,29700,36395,1.23,2.96,2.85,6,"AMC Entertainment Holdings, Inc"
NU,15.59,-0.48,65950,56917,9033,0.16,15.72,15.43,6,Nu Holdings Ltd.
CRWD,265.45,-4.81,61086,24699,36387,1.47,276.9,264.5,6,"CrowdStrike Holdings, Inc."
DELL,578.83,0.84,60165,35579,24586,0.69,585.0,560.76,6,Dell Technologies Inc.
VST,166.76,3.9,58579,39730,18849,0.47,168.11,154.51,6,Vistra Corp.
MRNA,196.43,4.79,57805,37676,20129,0.53,197.69,182.51,6,"Moderna, Inc."
SQQQ,32.06,0.71,56537,49858,6679,0.13,32.84,32.02,6,ProShares UltraPro Short QQQ
NKE,34.35,-0.74,55644,33787,21857,0.65,34.53,33.81,6,"Nike, Inc."
UBER,68.4,-0.98,50513,29462,21051,0.71,69.24,68.26,6,"Uber Technologies, Inc."
QCOM,177.02,-2.22,49780,31547,18233,0.58,179.82,175.35,6,QUALCOMM Incorporated
NOW,137.9,-0.05,49488,33715,15773,0.47,140.8,137.49,6,"ServiceNow, Inc."
PEP,123.64,-1.65,48970,28009,20961,0.75,126.43,123.47,6,"Pepsico, Inc."
UNH,375.29,-0.27,47439,14737,32702,2.22,383.48,372.01,6,UnitedHealth Group Incorporated
BA,188.16,-0.87,46815,34789,12026,0.35,188.72,186.22,6,Boeing Company (The)
WDC,405.64,-1.31,46314,31480,14834,0.47,409.39,397.02,6,Western Digital Corporation
JPM,329.52,-0.53,43435,32651,10784,0.33,329.87,325.08,6,JP Morgan Chase & Co.
RIVN,14.34,-1.17,42560,32558,10002,0.31,14.44,14.1,6,"Rivian Automotive, Inc."
SOXS,30.62,3.36,40774,32405,8369,0.26,31.97,30.5,6,Direxion Daily Semiconductor Be
DIA,510.96,-0.7,39690,23456,16234,0.69,511.86,508.46,6,State Street SPDR Dow Jones Ind
ARM,294.48,-2.67,39422,19669,19753,1.0,300.6,290.57,6,Arm Holdings plc
PFE,27.97,1.69,38956,28502,10454,0.37,28.17,27.55,6,"Pfizer, Inc."
GDX,85.46,-3.13,38915,27194,11721,0.43,86.39,84.36,6,VanEck Gold Miners ETF
CMG,30.69,-0.66,38022,26333,11689,0.44,31.0,30.45,6,"Chipotle Mexican Grill, Inc."
HPE,72.15,2.37,37553,27583,9970,0.36,73.28,69.82,6,Hewlett Packard Enterprise Comp
XLE,63.38,-0.57,36732,15730,21002,1.34,64.51,63.04,6,State Street Energy Select Sect
CSCO,117.45,-0.42,36680,30520,6160,0.2,118.39,116.58,6,"Cisco Systems, Inc."
STX,808.0,0.29,35643,21986,13657,0.62,810.78,780.9,6,Seagate Technology Holdings PLC
ADBE,232.71,-2.27,34624,11317,23307,2.06,237.3,227.0,6,Adobe Inc.
COST,942.21,0.7,34262,19395,14867,0.77,948.72,937.99,6,Costco Wholesale Corporation
KRE,68.91,-1.66,33950,15624,18326,1.17,69.42,68.49,6,State Street SPDR S&P Regional 
WFC,80.19,-1.62,33040,10930,22110,2.02,80.79,79.07,6,Wells Fargo & Company
IONQ,41.42,-4.32,32274,20700,11574,0.56,42.33,40.76,6,"IonQ, Inc."
LLY,1186.87,2.54,31897,20005,11892,0.59,1206.63,1166.0,6,Eli Lilly and Company
PYPL,54.93,0.59,30943,17720,13223,0.75,55.35,54.19,6,PYPL
NVO,38.21,1.81,30664,22144,8520,0.38,38.47,37.51,6,Novo Nordisk A/S
RDDT,152.86,2.63,30348,18301,12047,0.66,154.51,146.33,6,"Reddit, Inc."
VXX,16.91,0.93,29867,22335,7532,0.34,17.23,16.84,6,iPath Series B S&P 500 VIX Shor
